observed_events,expected_events,oe_ratio,secondary_lower,secondary_upper,qtl_lower,qtl_upper,quarter
20,26.212228723112442,0.7630026508339272,0.8,1.21,0.7,1.34,2021Q3
34,32.57734572598047,1.0436700486892325,0.8,1.21,0.7,1.34,2021Q4
35,37.871735114217046,0.9241720743568732,0.8,1.21,0.7,1.34,2022Q1
35,37.96094969729015,0.9220001153579802,0.8,1.21,0.7,1.34,2022Q2
40,45.30280591916479,0.8829475170119319,0.8,1.21,0.7,1.34,2022Q3
53,55.42309392463971,0.9562800675123901,0.8,1.21,0.7,1.34,2022Q4
63,56.498690862612555,1.1150700846006614,0.8,1.21,0.7,1.34,2023Q1
67,62.010577375776265,1.0804608316092343,0.8,1.21,0.7,1.34,2023Q2
69,75.82068223156105,0.9100419301064812,0.8,1.21,0.7,1.34,2023Q3
75,81.03733846192162,0.9254992997486154,0.8,1.21,0.7,1.34,2023Q4
109,91.7043629847868,1.1886021171978747,0.8,1.21,0.7,1.34,2024Q1
112,102.09324583969574,1.0970363326077377,0.8,1.21,0.7,1.34,2024Q2
117,115.6261590945718,1.0118817481803968,0.8,1.21,0.7,1.34,2024Q3
134,131.8735570898227,1.0161248620049652,0.8,1.21,0.7,1.34,2024Q4
148,139.55857793232656,1.060486587014141,0.8,1.21,0.7,1.34,2025Q1
145,158.80799272980218,0.9130522809812522,0.8,1.21,0.7,1.34,2025Q2
200,178.93289534069908,1.1177374602874888,0.8,1.21,0.7,1.34,2025Q3
240,219.20568644952237,1.0948621082202903,0.8,1.21,0.7,1.34,2025Q4
238,245.90524030434747,0.96785249352733,0.8,1.21,0.7,1.34,2026Q1
291,310.913217901866,0.9359524884910128,0.8,1.21,0.7,1.34,2026Q2
91,117.22329614101666,0.7762962055812634,0.8,1.21,0.7,1.34,2026Q3
