hospital,treatments,observed_events,expected_events,oe_ratio,secondary_lower,secondary_upper,qtl_lower,qtl_upper
Ashford Medical Center,3009,236,228.66584630374268,1.0320736735057283,0.8746387063607868,1.1326571247372188,0.8002944163201199,1.2113746083096897
Crestwood Memorial Hospital,2896,232,217.33467487219716,1.0674780733282747,0.8696265338751893,1.1364960522072578,0.7960073564042738,1.2147164282701055
Harborview Clinical Center,3041,231,225.85561464252297,1.0227773188885272,0.8722386658919473,1.133467504915424,0.8013969468347334,1.2131644388547898
Lakeview Regional Hospital,4013,342,300.91388129220337,1.1365377978954045,0.8872970527429036,1.1132753283478378,0.8274792739063034,1.1830627369905382
Meridian General Hospital,2905,224,221.5672555372298,1.010979711134985,0.8710673403975541,1.1328388727450056,0.7988545038879122,1.2140783138183524
Northgate University Hospital,2610,133,195.36016221795924,0.6807938654945151,0.8599501458878086,1.1414814436486982,0.7882876337304912,1.2285002084111551
Pinecrest Community Hospital,3508,274,267.5254425965444,1.024201651030328,0.8821590862888956,1.121388669011308,0.8148757661482171,1.192409951382024
Riverside Health Institute,3089,256,230.4453306708571,1.1108925455540795,0.8722242252201952,1.1325896655844325,0.8027934411230652,1.2106992976937037
St. Alden Medical Center,3950,317,300.66482067113554,1.0543301982998927,0.8880320597667866,1.1141975281718108,0.8281647298948683,1.1840427463557155
Summit Health System,2562,136,192.62001751036522,0.7060533051435405,0.8618003577487332,1.14214505243808,0.7839268314461368,1.2304017155810227
